PRAGMA foreign_keys=OFF;
BEGIN TRANSACTION;
CREATE TABLE "campaigns" ("id" INTEGER PRIMARY KEY AUTOINCREMENT NOT NULL, "name" varchar, "description" text, "created_at" datetime NOT NULL, "updated_at" datetime NOT NULL);
CREATE TABLE "campcounts" ("id" INTEGER PRIMARY KEY AUTOINCREMENT NOT NULL, "campaign_id" integer, "country_id" integer, "created_at" datetime NOT NULL, "updated_at" datetime NOT NULL);
CREATE TABLE "campplays" ("id" INTEGER PRIMARY KEY AUTOINCREMENT NOT NULL, "campaign_id" integer, "player_id" integer, "created_at" datetime NOT NULL, "updated_at" datetime NOT NULL);
CREATE TABLE "counties" ("id" INTEGER PRIMARY KEY AUTOINCREMENT NOT NULL, "name" varchar, "description" text, "state_id" integer, "created_at" datetime NOT NULL, "updated_at" datetime NOT NULL);
CREATE TABLE "countries" ("id" INTEGER PRIMARY KEY AUTOINCREMENT NOT NULL, "name" varchar, "description" text, "size" integer, "created_at" datetime NOT NULL, "updated_at" datetime NOT NULL, "player" reference);
INSERT INTO "countries" VALUES(1,'Fords of Isen 482','online',1,'2017-02-27 20:13:49.212910','2017-02-27 20:13:49.212910',NULL);
INSERT INTO "countries" VALUES(2,'Gladden Fields 543','neural',8,'2017-02-27 20:13:49.234889','2017-02-27 20:13:49.234889',NULL);
INSERT INTO "countries" VALUES(3,'Maglor''s Gap 253','cross-platform',4,'2017-02-27 20:13:49.258134','2017-02-27 20:13:49.258134',NULL);
INSERT INTO "countries" VALUES(4,'Rath Dínen 398','primary',3,'2017-02-27 20:13:49.286460','2017-02-27 20:13:49.286460',NULL);
INSERT INTO "countries" VALUES(5,'Crack of Doom 58','auxiliary',7,'2017-02-27 20:13:49.302488','2017-02-27 20:13:49.302488',NULL);
INSERT INTO "countries" VALUES(6,'Meduseld 585','open-source',3,'2017-02-27 20:13:49.317055','2017-02-27 20:13:49.317055',NULL);
INSERT INTO "countries" VALUES(7,'Bridge of Khazad-dûm 68','solid state',8,'2017-02-27 20:13:49.330491','2017-02-27 20:13:49.330491',NULL);
INSERT INTO "countries" VALUES(8,'Ilmen 163','optical',3,'2017-02-27 20:13:49.346245','2017-02-27 20:13:49.346245',NULL);
INSERT INTO "countries" VALUES(9,'Sarn Ford 377','1080p',4,'2017-02-27 20:13:49.358825','2017-02-27 20:13:49.358825',NULL);
INSERT INTO "countries" VALUES(10,'Vista 59','multi-byte',3,'2017-02-27 20:13:49.375134','2017-02-27 20:13:49.375134',NULL);
INSERT INTO "countries" VALUES(11,'Greenway 172','solid state',3,'2017-02-27 20:13:49.390145','2017-02-27 20:13:49.390145',NULL);
INSERT INTO "countries" VALUES(12,'Tol Morwen 121','redundant',2,'2017-02-27 20:13:49.404052','2017-02-27 20:13:49.404052',NULL);
INSERT INTO "countries" VALUES(13,'Luthany 158','1080p',8,'2017-02-27 20:13:49.420731','2017-02-27 20:13:49.420731',NULL);
INSERT INTO "countries" VALUES(14,'Dark Land 220','redundant',3,'2017-02-27 20:13:49.438976','2017-02-27 20:13:49.438976',NULL);
INSERT INTO "countries" VALUES(15,'Old Forest 160','wireless',6,'2017-02-27 20:13:49.456959','2017-02-27 20:13:49.456959',NULL);
INSERT INTO "countries" VALUES(16,'Minhiriath 289','auxiliary',4,'2017-02-27 20:13:49.474272','2017-02-27 20:13:49.474272',NULL);
INSERT INTO "countries" VALUES(17,'Pelennor Fields 480','digital',5,'2017-02-27 20:13:49.495329','2017-02-27 20:13:49.495329',NULL);
INSERT INTO "countries" VALUES(18,'Greenway 306','multi-byte',5,'2017-02-27 20:13:49.514144','2017-02-27 20:13:49.514144',NULL);
INSERT INTO "countries" VALUES(19,'Marish 144','online',5,'2017-02-27 20:13:49.532845','2017-02-27 20:13:49.532845',NULL);
INSERT INTO "countries" VALUES(20,'Bag End 247','solid state',0,'2017-02-27 20:13:49.553366','2017-02-27 20:13:49.553366',NULL);
INSERT INTO "countries" VALUES(21,'Dol Guldur 234','haptic',0,'2017-02-27 20:13:49.574287','2017-02-27 20:13:49.574287',NULL);
INSERT INTO "countries" VALUES(22,'Greenway 114','open-source',3,'2017-02-27 20:13:49.595468','2017-02-27 20:13:49.595468',NULL);
INSERT INTO "countries" VALUES(23,'Taur-im-Duinath 583','open-source',0,'2017-02-27 20:13:49.610949','2017-02-27 20:13:49.610949',NULL);
INSERT INTO "countries" VALUES(24,'Pelennor Fields 381','primary',0,'2017-02-27 20:13:49.628813','2017-02-27 20:13:49.628813',NULL);
INSERT INTO "countries" VALUES(25,'Greenway 407','1080p',6,'2017-02-27 20:13:49.643078','2017-02-27 20:13:49.643078',NULL);
INSERT INTO "countries" VALUES(26,'Bridge of Khazad-dûm 287','back-end',8,'2017-02-27 20:13:49.657256','2017-02-27 20:13:49.657256',NULL);
INSERT INTO "countries" VALUES(27,'Houses of Healing 538','open-source',6,'2017-02-27 20:13:49.675530','2017-02-27 20:13:49.675530',NULL);
INSERT INTO "countries" VALUES(28,'Utumno 257','multi-byte',0,'2017-02-27 20:13:49.695072','2017-02-27 20:13:49.695072',NULL);
INSERT INTO "countries" VALUES(29,'Haudh-en-Nirnaeth 442','primary',6,'2017-02-27 20:13:49.711343','2017-02-27 20:13:49.711343',NULL);
INSERT INTO "countries" VALUES(30,'Paths of the Dead 209','virtual',7,'2017-02-27 20:13:49.728598','2017-02-27 20:13:49.728598',NULL);
INSERT INTO "countries" VALUES(31,'Orthanc 467','wireless',5,'2017-02-27 20:13:49.748368','2017-02-27 20:13:49.748368',NULL);
INSERT INTO "countries" VALUES(32,'Isengard 169','open-source',8,'2017-02-27 20:13:49.769944','2017-02-27 20:13:49.769944',NULL);
INSERT INTO "countries" VALUES(33,'Tol Morwen 533','solid state',7,'2017-02-27 20:13:49.788351','2017-02-27 20:13:49.788351',NULL);
INSERT INTO "countries" VALUES(34,'Parth Galen 436','bluetooth',5,'2017-02-27 20:13:49.807311','2017-02-27 20:13:49.807311',NULL);
INSERT INTO "countries" VALUES(35,'Crack of Doom 513','open-source',6,'2017-02-27 20:13:49.824777','2017-02-27 20:13:49.824777',NULL);
INSERT INTO "countries" VALUES(36,'Dol Guldur 109','haptic',6,'2017-02-27 20:13:49.838963','2017-02-27 20:13:49.838963',NULL);
INSERT INTO "countries" VALUES(37,'Taur-en-Faroth 355','optical',0,'2017-02-27 20:13:49.854523','2017-02-27 20:13:49.854523',NULL);
INSERT INTO "countries" VALUES(38,'Pelennor Fields 203','mobile',6,'2017-02-27 20:13:49.871278','2017-02-27 20:13:49.871278',NULL);
INSERT INTO "countries" VALUES(39,'Utumno 30','redundant',0,'2017-02-27 20:13:49.891384','2017-02-27 20:13:49.891384',NULL);
INSERT INTO "countries" VALUES(40,'Doors of Durin 205','haptic',5,'2017-02-27 20:13:49.910845','2017-02-27 20:13:49.910845',NULL);
INSERT INTO "countries" VALUES(41,'Haven of the Eldar 79','digital',7,'2017-02-27 20:13:49.927798','2017-02-27 20:13:49.927798',NULL);
INSERT INTO "countries" VALUES(42,'Old Forest 92','redundant',1,'2017-02-27 20:13:49.946329','2017-02-27 20:13:49.946329',NULL);
INSERT INTO "countries" VALUES(43,'Dark Land 27','online',3,'2017-02-27 20:13:49.968324','2017-02-27 20:13:49.968324',NULL);
INSERT INTO "countries" VALUES(44,'Eä 337','virtual',4,'2017-02-27 20:13:49.985908','2017-02-27 20:13:49.985908',NULL);
INSERT INTO "countries" VALUES(45,'Núath 114','1080p',6,'2017-02-27 20:13:50.000702','2017-02-27 20:13:50.000702',NULL);
INSERT INTO "countries" VALUES(46,'East Road 37','1080p',7,'2017-02-27 20:13:50.020000','2017-02-27 20:13:50.020000',NULL);
INSERT INTO "countries" VALUES(47,'Endless Stair 481','mobile',1,'2017-02-27 20:13:50.040324','2017-02-27 20:13:50.040324',NULL);
INSERT INTO "countries" VALUES(48,'Tol-in-Gaurhoth 521','back-end',5,'2017-02-27 20:13:50.058205','2017-02-27 20:13:50.058205',NULL);
INSERT INTO "countries" VALUES(49,'Endless Stair 406','primary',7,'2017-02-27 20:13:50.075777','2017-02-27 20:13:50.075777',NULL);
INSERT INTO "countries" VALUES(50,'Gladden Fields 114','virtual',2,'2017-02-27 20:13:50.092117','2017-02-27 20:13:50.092117',NULL);
INSERT INTO "countries" VALUES(51,'Isenmouthe 134','solid state',0,'2017-02-27 20:13:50.111056','2017-02-27 20:13:50.111056',NULL);
INSERT INTO "countries" VALUES(52,'Núath 345','primary',5,'2017-02-27 20:13:50.128828','2017-02-27 20:13:50.128828',NULL);
INSERT INTO "countries" VALUES(53,'Máhanaxar 311','auxiliary',7,'2017-02-27 20:13:50.145339','2017-02-27 20:13:50.145339',NULL);
INSERT INTO "countries" VALUES(54,'Doriath 58','wireless',6,'2017-02-27 20:13:50.163959','2017-02-27 20:13:50.163959',NULL);
INSERT INTO "countries" VALUES(55,'Paths of the Dead 399','digital',3,'2017-02-27 20:13:50.179644','2017-02-27 20:13:50.179644',NULL);
INSERT INTO "countries" VALUES(56,'Isengard 72','multi-byte',3,'2017-02-27 20:13:50.198590','2017-02-27 20:13:50.198590',NULL);
INSERT INTO "countries" VALUES(57,'Máhanaxar 40','wireless',0,'2017-02-27 20:13:50.218125','2017-02-27 20:13:50.218125',NULL);
INSERT INTO "countries" VALUES(58,'Henneth Annûn 99','bluetooth',4,'2017-02-27 20:13:50.233378','2017-02-27 20:13:50.233378',NULL);
INSERT INTO "countries" VALUES(59,'Fens of Serech 216','neural',7,'2017-02-27 20:13:50.251384','2017-02-27 20:13:50.251384',NULL);
INSERT INTO "countries" VALUES(60,'Tol Morwen 587','wireless',2,'2017-02-27 20:13:50.268699','2017-02-27 20:13:50.268699',NULL);
INSERT INTO "countries" VALUES(61,'Pelennor Fields 557','wireless',3,'2017-02-27 20:13:50.285254','2017-02-27 20:13:50.285254',NULL);
INSERT INTO "countries" VALUES(62,'Minhiriath 92','back-end',4,'2017-02-27 20:13:50.300034','2017-02-27 20:13:50.300034',NULL);
INSERT INTO "countries" VALUES(63,'Black Gate 390','redundant',3,'2017-02-27 20:13:50.315901','2017-02-27 20:13:50.315901',NULL);
INSERT INTO "countries" VALUES(64,'Hobbit-hole 289','1080p',2,'2017-02-27 20:13:50.331430','2017-02-27 20:13:50.331430',NULL);
INSERT INTO "countries" VALUES(65,'Narchost 530','bluetooth',2,'2017-02-27 20:13:50.344419','2017-02-27 20:13:50.344419',NULL);
INSERT INTO "countries" VALUES(66,'Carchost 98','online',3,'2017-02-27 20:13:50.361155','2017-02-27 20:13:50.361155',NULL);
INSERT INTO "countries" VALUES(67,'Argonath 462','back-end',4,'2017-02-27 20:13:50.377902','2017-02-27 20:13:50.377902',NULL);
INSERT INTO "countries" VALUES(68,'Timeless Halls 345','multi-byte',7,'2017-02-27 20:13:50.396316','2017-02-27 20:13:50.396316',NULL);
INSERT INTO "countries" VALUES(69,'Carchost 568','online',6,'2017-02-27 20:13:50.415282','2017-02-27 20:13:50.415282',NULL);
INSERT INTO "countries" VALUES(70,'Greenway 289','solid state',6,'2017-02-27 20:13:50.434152','2017-02-27 20:13:50.434152',NULL);
INSERT INTO "countries" VALUES(71,'Vaiya 302','virtual',6,'2017-02-27 20:13:50.457094','2017-02-27 20:13:50.457094',NULL);
INSERT INTO "countries" VALUES(72,'Rath Dínen 455','neural',2,'2017-02-27 20:13:50.478851','2017-02-27 20:13:50.478851',NULL);
INSERT INTO "countries" VALUES(73,'Angband 216','haptic',4,'2017-02-27 20:13:50.495319','2017-02-27 20:13:50.495319',NULL);
INSERT INTO "countries" VALUES(74,'Rivendell 107','auxiliary',8,'2017-02-27 20:13:50.520380','2017-02-27 20:13:50.520380',NULL);
INSERT INTO "countries" VALUES(75,'Doors of Durin 258','open-source',0,'2017-02-27 20:13:50.539617','2017-02-27 20:13:50.539617',NULL);
INSERT INTO "countries" VALUES(76,'Carchost 173','bluetooth',4,'2017-02-27 20:13:50.561514','2017-02-27 20:13:50.561514',NULL);
INSERT INTO "countries" VALUES(77,'Taur-im-Duinath 455','open-source',3,'2017-02-27 20:13:50.586866','2017-02-27 20:13:50.586866',NULL);
INSERT INTO "countries" VALUES(78,'Eä 558','1080p',3,'2017-02-27 20:13:50.610339','2017-02-27 20:13:50.610339',NULL);
CREATE TABLE "neighborhoods" ("id" INTEGER PRIMARY KEY AUTOINCREMENT NOT NULL, "neighbor_id" integer, "target_id" integer, "created_at" datetime NOT NULL, "updated_at" datetime NOT NULL);
INSERT INTO "neighborhoods" VALUES(1,2,1,'2017-02-27 20:13:49.243476','2017-02-27 20:13:49.243476');
INSERT INTO "neighborhoods" VALUES(2,3,1,'2017-02-27 20:13:49.270776','2017-02-27 20:13:49.270776');
INSERT INTO "neighborhoods" VALUES(3,4,1,'2017-02-27 20:13:49.289011','2017-02-27 20:13:49.289011');
INSERT INTO "neighborhoods" VALUES(4,5,1,'2017-02-27 20:13:49.304744','2017-02-27 20:13:49.304744');
INSERT INTO "neighborhoods" VALUES(5,7,6,'2017-02-27 20:13:49.333194','2017-02-27 20:13:49.333194');
INSERT INTO "neighborhoods" VALUES(6,8,6,'2017-02-27 20:13:49.348408','2017-02-27 20:13:49.348408');
INSERT INTO "neighborhoods" VALUES(7,9,6,'2017-02-27 20:13:49.361121','2017-02-27 20:13:49.361121');
INSERT INTO "neighborhoods" VALUES(8,10,6,'2017-02-27 20:13:49.377565','2017-02-27 20:13:49.377565');
INSERT INTO "neighborhoods" VALUES(9,13,12,'2017-02-27 20:13:49.424837','2017-02-27 20:13:49.424837');
INSERT INTO "neighborhoods" VALUES(10,15,14,'2017-02-27 20:13:49.459930','2017-02-27 20:13:49.459930');
INSERT INTO "neighborhoods" VALUES(11,16,14,'2017-02-27 20:13:49.477474','2017-02-27 20:13:49.477474');
INSERT INTO "neighborhoods" VALUES(12,18,17,'2017-02-27 20:13:49.518883','2017-02-27 20:13:49.518883');
INSERT INTO "neighborhoods" VALUES(13,19,17,'2017-02-27 20:13:49.537429','2017-02-27 20:13:49.537429');
INSERT INTO "neighborhoods" VALUES(14,20,17,'2017-02-27 20:13:49.557627','2017-02-27 20:13:49.557627');
INSERT INTO "neighborhoods" VALUES(15,21,17,'2017-02-27 20:13:49.578690','2017-02-27 20:13:49.578690');
INSERT INTO "neighborhoods" VALUES(16,22,17,'2017-02-27 20:13:49.598176','2017-02-27 20:13:49.598176');
INSERT INTO "neighborhoods" VALUES(17,24,23,'2017-02-27 20:13:49.631719','2017-02-27 20:13:49.631719');
INSERT INTO "neighborhoods" VALUES(18,26,25,'2017-02-27 20:13:49.660105','2017-02-27 20:13:49.660105');
INSERT INTO "neighborhoods" VALUES(19,27,25,'2017-02-27 20:13:49.679471','2017-02-27 20:13:49.679471');
INSERT INTO "neighborhoods" VALUES(20,28,25,'2017-02-27 20:13:49.697657','2017-02-27 20:13:49.697657');
INSERT INTO "neighborhoods" VALUES(21,29,25,'2017-02-27 20:13:49.714004','2017-02-27 20:13:49.714004');
INSERT INTO "neighborhoods" VALUES(22,31,30,'2017-02-27 20:13:49.752654','2017-02-27 20:13:49.752654');
INSERT INTO "neighborhoods" VALUES(23,32,30,'2017-02-27 20:13:49.773327','2017-02-27 20:13:49.773327');
INSERT INTO "neighborhoods" VALUES(24,33,30,'2017-02-27 20:13:49.791125','2017-02-27 20:13:49.791125');
INSERT INTO "neighborhoods" VALUES(25,34,30,'2017-02-27 20:13:49.810326','2017-02-27 20:13:49.810326');
INSERT INTO "neighborhoods" VALUES(26,35,30,'2017-02-27 20:13:49.827408','2017-02-27 20:13:49.827408');
INSERT INTO "neighborhoods" VALUES(27,38,37,'2017-02-27 20:13:49.874317','2017-02-27 20:13:49.874317');
INSERT INTO "neighborhoods" VALUES(28,39,37,'2017-02-27 20:13:49.894391','2017-02-27 20:13:49.894391');
INSERT INTO "neighborhoods" VALUES(29,40,37,'2017-02-27 20:13:49.914502','2017-02-27 20:13:49.914502');
INSERT INTO "neighborhoods" VALUES(30,42,41,'2017-02-27 20:13:49.951490','2017-02-27 20:13:49.951490');
INSERT INTO "neighborhoods" VALUES(31,43,41,'2017-02-27 20:13:49.971961','2017-02-27 20:13:49.971961');
INSERT INTO "neighborhoods" VALUES(32,45,44,'2017-02-27 20:13:50.003565','2017-02-27 20:13:50.003565');
INSERT INTO "neighborhoods" VALUES(33,46,44,'2017-02-27 20:13:50.023092','2017-02-27 20:13:50.023092');
INSERT INTO "neighborhoods" VALUES(34,47,44,'2017-02-27 20:13:50.043599','2017-02-27 20:13:50.043599');
INSERT INTO "neighborhoods" VALUES(35,48,44,'2017-02-27 20:13:50.061004','2017-02-27 20:13:50.061004');
INSERT INTO "neighborhoods" VALUES(36,50,49,'2017-02-27 20:13:50.095038','2017-02-27 20:13:50.095038');
INSERT INTO "neighborhoods" VALUES(37,51,49,'2017-02-27 20:13:50.114054','2017-02-27 20:13:50.114054');
INSERT INTO "neighborhoods" VALUES(38,53,52,'2017-02-27 20:13:50.148609','2017-02-27 20:13:50.148609');
INSERT INTO "neighborhoods" VALUES(39,54,52,'2017-02-27 20:13:50.166340','2017-02-27 20:13:50.166340');
INSERT INTO "neighborhoods" VALUES(40,55,52,'2017-02-27 20:13:50.182418','2017-02-27 20:13:50.182418');
INSERT INTO "neighborhoods" VALUES(41,56,52,'2017-02-27 20:13:50.202428','2017-02-27 20:13:50.202428');
INSERT INTO "neighborhoods" VALUES(42,58,57,'2017-02-27 20:13:50.236481','2017-02-27 20:13:50.236481');
INSERT INTO "neighborhoods" VALUES(43,59,57,'2017-02-27 20:13:50.254360','2017-02-27 20:13:50.254360');
INSERT INTO "neighborhoods" VALUES(44,60,57,'2017-02-27 20:13:50.272013','2017-02-27 20:13:50.272013');
INSERT INTO "neighborhoods" VALUES(45,62,61,'2017-02-27 20:13:50.302963','2017-02-27 20:13:50.302963');
INSERT INTO "neighborhoods" VALUES(46,63,61,'2017-02-27 20:13:50.318329','2017-02-27 20:13:50.318329');
INSERT INTO "neighborhoods" VALUES(47,65,64,'2017-02-27 20:13:50.347304','2017-02-27 20:13:50.347304');
INSERT INTO "neighborhoods" VALUES(48,66,64,'2017-02-27 20:13:50.364023','2017-02-27 20:13:50.364023');
INSERT INTO "neighborhoods" VALUES(49,67,64,'2017-02-27 20:13:50.380514','2017-02-27 20:13:50.380514');
INSERT INTO "neighborhoods" VALUES(50,68,64,'2017-02-27 20:13:50.399965','2017-02-27 20:13:50.399965');
INSERT INTO "neighborhoods" VALUES(51,70,69,'2017-02-27 20:13:50.438558','2017-02-27 20:13:50.438558');
INSERT INTO "neighborhoods" VALUES(52,71,69,'2017-02-27 20:13:50.461357','2017-02-27 20:13:50.461357');
INSERT INTO "neighborhoods" VALUES(53,72,69,'2017-02-27 20:13:50.481434','2017-02-27 20:13:50.481434');
INSERT INTO "neighborhoods" VALUES(54,73,69,'2017-02-27 20:13:50.498679','2017-02-27 20:13:50.498679');
INSERT INTO "neighborhoods" VALUES(55,75,74,'2017-02-27 20:13:50.544487','2017-02-27 20:13:50.544487');
INSERT INTO "neighborhoods" VALUES(56,76,74,'2017-02-27 20:13:50.566477','2017-02-27 20:13:50.566477');
INSERT INTO "neighborhoods" VALUES(57,77,74,'2017-02-27 20:13:50.590726','2017-02-27 20:13:50.590726');
INSERT INTO "neighborhoods" VALUES(58,78,74,'2017-02-27 20:13:50.613129','2017-02-27 20:13:50.613129');
CREATE TABLE "players" ("id" INTEGER PRIMARY KEY AUTOINCREMENT NOT NULL, "screenname" varchar, "motto" varchar, "country_id" integer, "created_at" datetime NOT NULL, "updated_at" datetime NOT NULL);
INSERT INTO "players" VALUES(1,'Miss Trevor Shanahan','Muaa muaa kabukk ahuma ur?',NULL,'2017-02-27 20:13:48.303751','2017-02-27 20:13:48.303751');
INSERT INTO "players" VALUES(2,'Jarrod Ortiz MD','Youw muaa ur roo ahuma huewaa!',NULL,'2017-02-27 20:13:48.476049','2017-02-27 20:13:48.476049');
INSERT INTO "players" VALUES(3,'Keeley Hayes PhD','Ga yrroonn wyaaaaaa muaa ru ru ruh muaa!',NULL,'2017-02-27 20:13:48.649734','2017-02-27 20:13:48.649734');
INSERT INTO "players" VALUES(4,'Miss Liza Okuneva','Yrroonn wyogg yrroonn roo mumwa ahuma ma!',NULL,'2017-02-27 20:13:48.824486','2017-02-27 20:13:48.824486');
INSERT INTO "players" VALUES(5,'Dr. Corrine Schmitt','Youw yrroonn ga hnn-rowr ooma?',NULL,'2017-02-27 20:13:48.997543','2017-02-27 20:13:48.997543');
INSERT INTO "players" VALUES(6,'Reymundo Gerhold','Ur youw ahuma.',NULL,'2017-02-27 20:13:49.176388','2017-02-27 20:13:49.176388');
CREATE TABLE "states" ("id" INTEGER PRIMARY KEY AUTOINCREMENT NOT NULL, "name" varchar, "description" text, "country_id" integer, "created_at" datetime NOT NULL, "updated_at" datetime NOT NULL, "level" integer);
CREATE TABLE "userplays" ("id" INTEGER PRIMARY KEY AUTOINCREMENT NOT NULL, "player_id" integer, "created_at" datetime NOT NULL, "updated_at" datetime NOT NULL, "user_id" integer);
INSERT INTO "userplays" VALUES(1,1,'2017-02-27 20:13:48.305880','2017-02-27 20:13:48.305880',2);
INSERT INTO "userplays" VALUES(2,2,'2017-02-27 20:13:48.477615','2017-02-27 20:13:48.477615',3);
INSERT INTO "userplays" VALUES(3,3,'2017-02-27 20:13:48.651635','2017-02-27 20:13:48.651635',4);
INSERT INTO "userplays" VALUES(4,4,'2017-02-27 20:13:48.826375','2017-02-27 20:13:48.826375',5);
INSERT INTO "userplays" VALUES(5,5,'2017-02-27 20:13:48.999309','2017-02-27 20:13:48.999309',6);
INSERT INTO "userplays" VALUES(6,6,'2017-02-27 20:13:49.179108','2017-02-27 20:13:49.179108',7);
CREATE TABLE "users" ("id" INTEGER PRIMARY KEY AUTOINCREMENT NOT NULL, "email" varchar DEFAULT '' NOT NULL, "encrypted_password" varchar DEFAULT '' NOT NULL, "reset_password_token" varchar, "reset_password_sent_at" datetime, "remember_created_at" datetime, "sign_in_count" integer DEFAULT 0 NOT NULL, "current_sign_in_at" datetime, "last_sign_in_at" datetime, "current_sign_in_ip" varchar, "last_sign_in_ip" varchar, "name" varchar);
INSERT INTO "users" VALUES(1,'a@test.com','$2a$11$.r9Hr1eL9UFzfqHc5FL4U.1v6UjkyWZuujWc9LlkxfBCS9UmI1YQW',NULL,NULL,NULL,0,NULL,NULL,NULL,NULL,'A V R');
INSERT INTO "users" VALUES(2,'thecoco00.8170616366947742@test.com','$2a$11$cBNZxr1TQXlRpNqZmc14Le/5NbxUja8gNxu7/t8nvaKz0y7gF.UN6',NULL,NULL,NULL,0,NULL,NULL,NULL,NULL,'Coco');
INSERT INTO "users" VALUES(3,'theoscar10@test.com','$2a$11$l9xyuno/ewXlrrbjgSChFuHG4J2T1WPS2THb4WbTB6X2xLFZosIgC',NULL,NULL,NULL,0,NULL,NULL,NULL,NULL,'Oscar');
INSERT INTO "users" VALUES(4,'themissy21@test.com','$2a$11$o32SmkxK24Ral6XHWP6myeUjHhRFuDMonh95zw7vfru35P5YCHNda',NULL,NULL,NULL,0,NULL,NULL,NULL,NULL,'Missy');
INSERT INTO "users" VALUES(5,'themisty32@test.com','$2a$11$.EsSOHPbQzAZozzb2IHpnepFOO69875LvqOiueN2L0xNRgFQB/l7K',NULL,NULL,NULL,0,NULL,NULL,NULL,NULL,'Misty');
INSERT INTO "users" VALUES(6,'themolly43@test.com','$2a$11$7189Oispx6ExKgJ6sHzoZuTkjT1bGXhuTkpGaK0s4GaSPfRM0mNVG',NULL,NULL,NULL,0,NULL,NULL,NULL,NULL,'Molly');
INSERT INTO "users" VALUES(7,'thesimba54@test.com','$2a$11$wCfNLtbxXCyF6A6xL7vxU.r7Cp3toTpVEQQRWPo78GAoc5mM2Z36C',NULL,NULL,NULL,0,NULL,NULL,NULL,NULL,'Simba');
CREATE TABLE "schema_migrations" ("version" varchar NOT NULL PRIMARY KEY);
INSERT INTO "schema_migrations" VALUES('20170215195538');
INSERT INTO "schema_migrations" VALUES('20170215194231');
INSERT INTO "schema_migrations" VALUES('20170209153325');
INSERT INTO "schema_migrations" VALUES('20170210150355');
INSERT INTO "schema_migrations" VALUES('20170210180834');
INSERT INTO "schema_migrations" VALUES('20170215151543');
INSERT INTO "schema_migrations" VALUES('20170210232045');
INSERT INTO "schema_migrations" VALUES('20170227201812');
CREATE TABLE "ar_internal_metadata" ("key" varchar NOT NULL PRIMARY KEY, "value" varchar, "created_at" datetime NOT NULL, "updated_at" datetime NOT NULL);
INSERT INTO "ar_internal_metadata" VALUES('environment','development','2017-02-27 20:13:47.041809','2017-02-27 20:13:47.041809');
DELETE FROM sqlite_sequence;
INSERT INTO "sqlite_sequence" VALUES('users',7);
INSERT INTO "sqlite_sequence" VALUES('players',6);
INSERT INTO "sqlite_sequence" VALUES('userplays',6);
INSERT INTO "sqlite_sequence" VALUES('countries',78);
INSERT INTO "sqlite_sequence" VALUES('neighborhoods',58);
CREATE UNIQUE INDEX "index_campcounts_on_campaign_id_and_country_id" ON "campcounts" ("campaign_id", "country_id");
CREATE INDEX "index_campcounts_on_campaign_id" ON "campcounts" ("campaign_id");
CREATE INDEX "index_campcounts_on_country_id" ON "campcounts" ("country_id");
CREATE INDEX "index_campplays_on_campaign_id" ON "campplays" ("campaign_id");
CREATE INDEX "index_campplays_on_player_id" ON "campplays" ("player_id");
CREATE INDEX "index_neighborhoods_on_neighbor_id" ON "neighborhoods" ("neighbor_id");
CREATE UNIQUE INDEX "index_Neighborhoods_on_target_id_and_neighbor_id" ON "neighborhoods" ("target_id", "neighbor_id");
CREATE INDEX "index_neighborhoods_on_target_id" ON "neighborhoods" ("target_id");
CREATE INDEX "index_players_on_country_id" ON "players" ("country_id");
CREATE INDEX "index_states_on_country_id" ON "states" ("country_id");
CREATE INDEX "index_userplays_on_player_id" ON "userplays" ("player_id");
CREATE INDEX "index_userplays_on_user_id" ON "userplays" ("user_id");
CREATE UNIQUE INDEX "index_users_on_email" ON "users" ("email");
CREATE UNIQUE INDEX "index_users_on_reset_password_token" ON "users" ("reset_password_token");
COMMIT;
